<?xml version='1.0' encoding='UTF-8'?>
<export version='7.54 Pro'>
  <project id='1053'>
    <pkey>WOOXXXXXXX</pkey>
    <endDate>2030-01-01 00:00:00.0</endDate>
    <todoDate>2024-08-23 13:05:39.0</todoDate>
    <startDate>2024-08-23 00:00:00.0</startDate>
    <lastUpdated>Mon Aug 26 07:19:27 UTC 2024</lastUpdated>
    <dateCreated>2024-08-23 13:05:39.0</dateCreated>
    <planningPokerGameType>1</planningPokerGameType>
    <name><![CDATA[WOO-Player]]></name>
    <description><![CDATA[]]></description>
    <preferences id='230'>
      <hidden>true</hidden>
      <timezone>Europe/Zurich</timezone>
      <hideWeekend>false</hideWeekend>
      <noEstimation>true</noEstimation>
      <autoDoneStory>false</autoDoneStory>
      <autoDoneFeature>false</autoDoneFeature>
      <sprintReviewHour>14:00</sprintReviewHour>
      <dailyMeetingHour>11:00</dailyMeetingHour>
      <limitUrgentTasks>0</limitUrgentTasks>
      <autoInReviewStory>false</autoInReviewStory>
      <displaySprintGoal>false</displaySprintGoal>
      <assignOnBeginTask>true</assignOnBeginTask>
      <displayUrgentTasks>true</displayUrgentTasks>
      <assignOnCreateTask>false</assignOnCreateTask>
      <sprintPlanningHour>9:00</sprintPlanningHour>
      <releasePlanningHour>9:00</releasePlanningHour>
      <displayRecurrentTasks>true</displayRecurrentTasks>
      <sprintRetrospectiveHour>16:00</sprintRetrospectiveHour>
      <estimatedSprintsDuration>14</estimatedSprintsDuration>
      <autoCreateTaskOnEmptyStory>false</autoCreateTaskOnEmptyStory>
      <stakeHolderRestrictedViews />
    </preferences>
    <teams>
      <team uid='45e7ff8bd6fc35470b09b33605e141e6'>
        <velocity>0</velocity>
        <dateCreated>2023-10-15 06:52:45.0</dateCreated>
        <lastUpdated>2023-10-15 06:52:45.0</lastUpdated>
        <name><![CDATA[WOO]]></name>
        <description><![CDATA[]]></description>
        <scrumMasters />
        <members>
          <user uid='c7ebd957d21c40cd5b9326bc9532018c'>
            <id>2</id>
            <email>xavier.carrel@eduvaud.ch</email>
            <enabled>true</enabled>
            <username>xavier.carrel@eduvaud.ch</username>
            <password>01111c257e5633ab766c43cb4897917c05fe7c7c3d340b87d49e56463a06d57f</password>
            <lastLogin>2024-08-26 05:53:39.0</lastLogin>
            <dateCreated>2023-05-12 14:52:19.0</dateCreated>
            <lastUpdated>2024-08-26 07:20:16.0</lastUpdated>
            <accountLocked>false</accountLocked>
            <accountExpired>false</accountExpired>
            <passwordExpired>false</passwordExpired>
            <accountExternal>false</accountExternal>
            <lastName><![CDATA[Carrel]]></lastName>
            <firstName><![CDATA[Xavier]]></firstName>
            <preferences id='2'>
              <menu planning='3' backlog='2' feature='5' project='1' taskBoard='4' />
              <language>en_US</language>
              <activity />
              <filterTask>allTasks</filterTask>
              <colorScheme>dark</colorScheme>
              <needsEmailValidation>false</needsEmailValidation>
              <displayReleaseNotes>false</displayReleaseNotes>
              <displayWhatsNew>false</displayWhatsNew>
              <lastProjectOpened>WOOXXXXXXX</lastProjectOpened>
              <emailsSettingsData>{"onUrgentTask":[""],"onStory":[""],"autoFollow":[""]}</emailsSettingsData>
              <displayWelcomeTour>true</displayWelcomeTour>
              <lastReadActivities>2023-05-12 14:52:19.0</lastReadActivities>
              <displayFullProjectTour>true</displayFullProjectTour>
              <widgets>
                <widget>
                  <position>1</position>
                  <widgetDefinitionId>tasks</widgetDefinitionId>
                  <settingsData><![CDATA[]]></settingsData>
                </widget>
                <widget>
                  <position>2</position>
                  <widgetDefinitionId>feed</widgetDefinitionId>
                  <settingsData><![CDATA[{"feeds":[{"url":"https://www.icescrum.com/blog/feed/","title":"iceScrum","selected":true}]}]]></settingsData>
                </widget>
                <widget>
                  <position>3</position>
                  <widgetDefinitionId>notes</widgetDefinitionId>
                  <settingsData><![CDATA[{"text":"Bienvenue sur iceScrum ! Voici votre page personnelle où vous pouvez ajouter vos propres widgets. Celui-ci vous permet de prendre des notes. Essayez de modifier ce texte !","text_html":"<p>Bienvenue sur iceScrum ! Voici votre page personnelle où vous pouvez ajouter vos propres widgets. Celui-ci vous permet de prendre des notes. Essayez de modifier ce texte !<\u002fp>"}]]></settingsData>
                </widget>
                <widget>
                  <position>4</position>
                  <widgetDefinitionId>mood</widgetDefinitionId>
                  <settingsData><![CDATA[]]></settingsData>
                </widget>
              </widgets>
            </preferences>
            <teams>
              <team uid='13cd580f2d204c8a4882694dc257c29d' />
              <team uid='ab4cba9d7307f9f0830a804e763b7e1c' />
              <team uid='ae4e20ba64f111a3be58a5d207de27bf' />
              <team uid='12c2ccfc9bf9be90252da77233445169' />
              <team uid='0c0c45a01abc760899219e224374ad26' />
              <team uid='45e7ff8bd6fc35470b09b33605e141e6' />
              <team uid='13d5d4ce147d5b834cbdf8bb6e8c3b3e' />
              <team uid='df2a2ccabc28ba0b2c24139b35cfc5c1' />
              <team uid='6bde57f5b9d18c254b0bc04d4f893e79' />
              <team uid='ec31056402360bff7d742b83f28216a6' />
              <team uid='f8c4e0c83023d17279b2bfdbefd2a032' />
            </teams>
            <moods />
          </user>
          <user uid='eef6ec3bb29fd441eea581b8784fae5a'>
            <id>38</id>
            <email>aurelie.curchod@eduvaud.ch</email>
            <enabled>true</enabled>
            <username>zfpacd</username>
            <password>8ffcd0e7c7917f7bd4c8d7092d760ab48960641beab088af34b1b1a2f3f89c6e</password>
            <lastLogin>2024-08-26 07:17:16.0</lastLogin>
            <dateCreated>2023-05-25 07:00:34.0</dateCreated>
            <lastUpdated>2024-08-26 07:19:28.0</lastUpdated>
            <accountLocked>false</accountLocked>
            <accountExpired>false</accountExpired>
            <passwordExpired>false</passwordExpired>
            <accountExternal>false</accountExternal>
            <lastName><![CDATA[Curchod]]></lastName>
            <firstName><![CDATA[Aurélie]]></firstName>
            <preferences id='38'>
              <menu planning='3' backlog='2' feature='5' project='1' taskBoard='4' />
              <language>en</language>
              <activity>Teacher</activity>
              <filterTask>allTasks</filterTask>
              <colorScheme />
              <needsEmailValidation>false</needsEmailValidation>
              <displayReleaseNotes>false</displayReleaseNotes>
              <displayWhatsNew>false</displayWhatsNew>
              <lastProjectOpened>PUNESCO</lastProjectOpened>
              <emailsSettingsData />
              <displayWelcomeTour>true</displayWelcomeTour>
              <lastReadActivities>2024-03-11 11:41:31.0</lastReadActivities>
              <displayFullProjectTour>true</displayFullProjectTour>
              <widgets>
                <widget>
                  <position>1</position>
                  <widgetDefinitionId>chart</widgetDefinitionId>
                  <settingsData><![CDATA[{"width":2,"project":{"id":612,"pkey":"L426PROJET"},"chart":{"view":"project","id":"burndown","type":"project","group":"Project"},"height":2}]]></settingsData>
                </widget>
                <widget>
                  <position>2</position>
                  <widgetDefinitionId>backlogChart</widgetDefinitionId>
                  <settingsData><![CDATA[{"chartUnit":"story","backlog":{"code":"all","project":{"id":612,"pkey":"L426PROJET"},"id":648},"chartType":"state"}]]></settingsData>
                </widget>
                <widget>
                  <position>3</position>
                  <widgetDefinitionId>chart</widgetDefinitionId>
                  <settingsData><![CDATA[{"width":2,"project":{"id":612,"pkey":"L426PROJET"},"chart":{"view":"taskBoard","id":"burnupTasks","type":"sprint","group":"Sprint"},"height":2}]]></settingsData>
                </widget>
              </widgets>
            </preferences>
            <teams>
              <team uid='8694372fbb2e343b366e43736deff56f' />
              <team uid='ab4cba9d7307f9f0830a804e763b7e1c' />
              <team uid='45e7ff8bd6fc35470b09b33605e141e6' />
              <team uid='f561281932e98a492ecf7bbc55ab2ec8' />
            </teams>
            <moods />
          </user>
        </members>
        <owner>
          <user uid='c7ebd957d21c40cd5b9326bc9532018c'>
            <id>2</id>
            <email>xavier.carrel@eduvaud.ch</email>
            <enabled>true</enabled>
            <username>xavier.carrel@eduvaud.ch</username>
            <password>01111c257e5633ab766c43cb4897917c05fe7c7c3d340b87d49e56463a06d57f</password>
            <lastLogin>2024-08-26 05:53:39.0</lastLogin>
            <dateCreated>2023-05-12 14:52:19.0</dateCreated>
            <lastUpdated>2024-08-26 07:20:16.0</lastUpdated>
            <accountLocked>false</accountLocked>
            <accountExpired>false</accountExpired>
            <passwordExpired>false</passwordExpired>
            <accountExternal>false</accountExternal>
            <lastName><![CDATA[Carrel]]></lastName>
            <firstName><![CDATA[Xavier]]></firstName>
            <preferences id='2'>
              <menu planning='3' backlog='2' feature='5' project='1' taskBoard='4' />
              <language>en_US</language>
              <activity />
              <filterTask>allTasks</filterTask>
              <colorScheme>dark</colorScheme>
              <needsEmailValidation>false</needsEmailValidation>
              <displayReleaseNotes>false</displayReleaseNotes>
              <displayWhatsNew>false</displayWhatsNew>
              <lastProjectOpened>WOOXXXXXXX</lastProjectOpened>
              <emailsSettingsData>{"onUrgentTask":[""],"onStory":[""],"autoFollow":[""]}</emailsSettingsData>
              <displayWelcomeTour>true</displayWelcomeTour>
              <lastReadActivities>2023-05-12 14:52:19.0</lastReadActivities>
              <displayFullProjectTour>true</displayFullProjectTour>
              <widgets>
                <widget>
                  <position>1</position>
                  <widgetDefinitionId>tasks</widgetDefinitionId>
                  <settingsData><![CDATA[]]></settingsData>
                </widget>
                <widget>
                  <position>2</position>
                  <widgetDefinitionId>feed</widgetDefinitionId>
                  <settingsData><![CDATA[{"feeds":[{"url":"https://www.icescrum.com/blog/feed/","title":"iceScrum","selected":true}]}]]></settingsData>
                </widget>
                <widget>
                  <position>3</position>
                  <widgetDefinitionId>notes</widgetDefinitionId>
                  <settingsData><![CDATA[{"text":"Bienvenue sur iceScrum ! Voici votre page personnelle où vous pouvez ajouter vos propres widgets. Celui-ci vous permet de prendre des notes. Essayez de modifier ce texte !","text_html":"<p>Bienvenue sur iceScrum ! Voici votre page personnelle où vous pouvez ajouter vos propres widgets. Celui-ci vous permet de prendre des notes. Essayez de modifier ce texte !<\u002fp>"}]]></settingsData>
                </widget>
                <widget>
                  <position>4</position>
                  <widgetDefinitionId>mood</widgetDefinitionId>
                  <settingsData><![CDATA[]]></settingsData>
                </widget>
              </widgets>
            </preferences>
            <teams>
              <team uid='13cd580f2d204c8a4882694dc257c29d' />
              <team uid='ab4cba9d7307f9f0830a804e763b7e1c' />
              <team uid='ae4e20ba64f111a3be58a5d207de27bf' />
              <team uid='12c2ccfc9bf9be90252da77233445169' />
              <team uid='0c0c45a01abc760899219e224374ad26' />
              <team uid='45e7ff8bd6fc35470b09b33605e141e6' />
              <team uid='13d5d4ce147d5b834cbdf8bb6e8c3b3e' />
              <team uid='df2a2ccabc28ba0b2c24139b35cfc5c1' />
              <team uid='6bde57f5b9d18c254b0bc04d4f893e79' />
              <team uid='ec31056402360bff7d742b83f28216a6' />
              <team uid='f8c4e0c83023d17279b2bfdbefd2a032' />
            </teams>
            <moods />
          </user>
        </owner>
      </team>
    </teams>
    <productOwners>
      <user uid='6db46dee6cce9a94225895dd6ac0edef'>
        <id>203</id>
        <email>laurent.duding@eduvaud.ch</email>
        <enabled>true</enabled>
        <username>laurent.duding@eduvaud.ch</username>
        <password>0d6be07e3bf164c8e1675729565220720746a7512189953c2741683005ccf8ec</password>
        <lastLogin>2024-08-23 12:58:11.0</lastLogin>
        <dateCreated>2024-08-23 12:58:01.0</dateCreated>
        <lastUpdated>Mon Aug 26 07:20:15 UTC 2024</lastUpdated>
        <accountLocked>false</accountLocked>
        <accountExpired>false</accountExpired>
        <passwordExpired>false</passwordExpired>
        <accountExternal>false</accountExternal>
        <lastName><![CDATA[Duding]]></lastName>
        <firstName><![CDATA[Laurent]]></firstName>
        <preferences id='203'>
          <menu planning='3' backlog='2' feature='5' project='1' taskBoard='4' />
          <language>en</language>
          <activity />
          <filterTask>allTasks</filterTask>
          <colorScheme />
          <needsEmailValidation>false</needsEmailValidation>
          <displayReleaseNotes>false</displayReleaseNotes>
          <displayWhatsNew>false</displayWhatsNew>
          <lastProjectOpened>WOOMASTER</lastProjectOpened>
          <emailsSettingsData />
          <displayWelcomeTour>true</displayWelcomeTour>
          <lastReadActivities>2024-08-23 12:58:01.0</lastReadActivities>
          <displayFullProjectTour>true</displayFullProjectTour>
          <widgets>
            <widget>
              <position>1</position>
              <widgetDefinitionId>tasks</widgetDefinitionId>
              <settingsData><![CDATA[]]></settingsData>
            </widget>
            <widget>
              <position>2</position>
              <widgetDefinitionId>feed</widgetDefinitionId>
              <settingsData><![CDATA[{"feeds":[{"url":"https://www.icescrum.com/blog/feed/","title":"iceScrum","selected":true}]}]]></settingsData>
            </widget>
            <widget>
              <position>3</position>
              <widgetDefinitionId>notes</widgetDefinitionId>
              <settingsData><![CDATA[{"text":"Bienvenue sur iceScrum ! Voici votre page personnelle où vous pouvez ajouter vos propres widgets. Celui-ci vous permet de prendre des notes. Essayez de modifier ce texte !","text_html":"<p>Bienvenue sur iceScrum ! Voici votre page personnelle où vous pouvez ajouter vos propres widgets. Celui-ci vous permet de prendre des notes. Essayez de modifier ce texte !<\u002fp>"}]]></settingsData>
            </widget>
          </widgets>
        </preferences>
        <teams>
          <team uid='47436ece3bba95befa07ac43a68213bc' />
        </teams>
        <moods />
      </user>
    </productOwners>
    <stakeHolders />
    <features />
    <actors />
    <stories />
    <releases>
      <release id='1054'>
        <state>2</state>
        <endDate>Tue Jan 01 00:00:00 UTC 2030</endDate>
        <todoDate>2024-08-23 13:07:13.0</todoDate>
        <doneDate />
        <startDate>2024-08-23 00:00:00.0</startDate>
        <orderNumber>1</orderNumber>
        <lastUpdated>Mon Aug 26 05:56:09 UTC 2024</lastUpdated>
        <dateCreated>2024-08-23 13:07:13.0</dateCreated>
        <inProgressDate>2024-08-23 13:07:13.0</inProgressDate>
        <firstSprintIndex>1</firstSprintIndex>
        <name><![CDATA[P_OFFICE]]></name>
        <goal><![CDATA[]]></goal>
        <vision><![CDATA[]]></vision>
        <description><![CDATA[]]></description>
        <sprints>
          <sprint id='1055'>
            <state>2</state>
            <endDate>Mon Dec 31 00:00:00 UTC 2029</endDate>
            <velocity>0.0</velocity>
            <capacity>0.0</capacity>
            <todoDate>2024-08-23 13:07:26.0</todoDate>
            <doneDate />
            <startDate>Fri Aug 23 00:00:00 UTC 2024</startDate>
            <orderNumber>1</orderNumber>
            <lastUpdated>Mon Aug 26 05:56:44 UTC 2024</lastUpdated>
            <dateCreated>2024-08-23 13:07:26.0</dateCreated>
            <dailyWorkTime>8.0</dailyWorkTime>
            <inProgressDate>2024-08-23 13:07:31.0</inProgressDate>
            <deliveredVersion />
            <initialRemainingTime>0.0</initialRemainingTime>
            <goal><![CDATA[]]></goal>
            <description><![CDATA[]]></description>
            <retrospective><![CDATA[]]></retrospective>
            <doneDefinition><![CDATA[]]></doneDefinition>
            <attachments />
            <stories />
            <tasks />
            <cliches>
              <cliche id='8881'>
                <id>8881</id>
                <type>2</type>
                <datePrise>2024-08-23 13:07:31.0</datePrise>
                <data><![CDATA[<cliche><stories>1</stories><inprogressStories>0</inprogressStories><inreviewStories>0</inreviewStories><doneStories>1</doneStories><pointsStories>1.00</pointsStories><totalPointsStories>1.00</totalPointsStories><tasks>0</tasks><waitTasks>0</waitTasks><inprogressTasks>0</inprogressTasks><doneTasks>0</doneTasks><sprintTasks>0</sprintTasks><recurrentTasks>0</recurrentTasks><urgentTasks>0</urgentTasks><storyTasks>0</storyTasks><remainingHours>0.0</remainingHours><spentHours>0.0</spentHours></cliche>]]></data>
              </cliche>
              <cliche id='9124'>
                <id>9124</id>
                <type>2</type>
                <datePrise>2024-08-24 13:07:31.0</datePrise>
                <data><![CDATA[<cliche><stories>1</stories><inprogressStories>0</inprogressStories><inreviewStories>0</inreviewStories><doneStories>1</doneStories><pointsStories>1.00</pointsStories><totalPointsStories>1.00</totalPointsStories><tasks>0</tasks><waitTasks>0</waitTasks><inprogressTasks>0</inprogressTasks><doneTasks>0</doneTasks><sprintTasks>0</sprintTasks><recurrentTasks>0</recurrentTasks><urgentTasks>0</urgentTasks><storyTasks>0</storyTasks><remainingHours>0.0</remainingHours><spentHours>0.0</spentHours></cliche>]]></data>
              </cliche>
              <cliche id='9125'>
                <id>9125</id>
                <type>2</type>
                <datePrise>2024-08-25 13:07:31.0</datePrise>
                <data><![CDATA[<cliche><stories>1</stories><inprogressStories>0</inprogressStories><inreviewStories>0</inreviewStories><doneStories>1</doneStories><pointsStories>1.00</pointsStories><totalPointsStories>1.00</totalPointsStories><tasks>0</tasks><waitTasks>0</waitTasks><inprogressTasks>0</inprogressTasks><doneTasks>0</doneTasks><sprintTasks>0</sprintTasks><recurrentTasks>0</recurrentTasks><urgentTasks>0</urgentTasks><storyTasks>0</storyTasks><remainingHours>0.0</remainingHours><spentHours>0.0</spentHours></cliche>]]></data>
              </cliche>
              <cliche id='9126'>
                <id>9126</id>
                <type>2</type>
                <datePrise>2024-08-26 05:54:21.0</datePrise>
                <data><![CDATA[<cliche><stories>1</stories><inprogressStories>1</inprogressStories><inreviewStories>0</inreviewStories><doneStories>0</doneStories><pointsStories>1.00</pointsStories><totalPointsStories>0</totalPointsStories><tasks>0</tasks><waitTasks>0</waitTasks><inprogressTasks>0</inprogressTasks><doneTasks>0</doneTasks><sprintTasks>0</sprintTasks><recurrentTasks>0</recurrentTasks><urgentTasks>0</urgentTasks><storyTasks>0</storyTasks><remainingHours>0.0</remainingHours><spentHours>0.0</spentHours></cliche>]]></data>
              </cliche>
            </cliches>
            <availabilities />
          </sprint>
        </sprints>
        <features />
        <attachments />
        <cliches>
          <cliche id='8880'>
            <id>8880</id>
            <type>0</type>
            <datePrise>2024-08-23 13:07:31.0</datePrise>
            <data><![CDATA[<cliche><sprintID>R1S1</sprintID><activationDate>Fri Aug 23 13:07:31 UTC 2024</activationDate><sprintCapacity>0</sprintCapacity><functionalStoryCapacity>0</functionalStoryCapacity><technicalStoryCapacity>0</technicalStoryCapacity><defectStoryCapacity>0</defectStoryCapacity><functionalStoryBacklogPoints>0</functionalStoryBacklogPoints><technicalStoryBacklogPoints>0</technicalStoryBacklogPoints><defectStoryBacklogPoints>0</defectStoryBacklogPoints><productBacklogPoints>0</productBacklogPoints><functionalStoryProductRemainingPoints>0</functionalStoryProductRemainingPoints><defectStoryProductRemainingPoints>0</defectStoryProductRemainingPoints><technicalStoryProductRemainingPoints>0</technicalStoryProductRemainingPoints><epicStoryProductRemainingPoints>0</epicStoryProductRemainingPoints><productRemainingBacklogPoints>0</productRemainingBacklogPoints><functionalStoryReleaseRemainingPoints>0</functionalStoryReleaseRemainingPoints><technicalStoryReleaseRemainingPoints>0</technicalStoryReleaseRemainingPoints><defectStoryReleaseRemainingPoints>0</defectStoryReleaseRemainingPoints><finishedStories>0</finishedStories><inProgressStories>0</inProgressStories><plannedStories>0</plannedStories><estimatedStories>0</estimatedStories><acceptedStories>0</acceptedStories><suggestedStories>0</suggestedStories></cliche>]]></data>
          </cliche>
        </cliches>
      </release>
    </releases>
    <attachments />
    <cliches />
    <activities>
      <activity>
        <poster uid='c7ebd957d21c40cd5b9326bc9532018c' />
        <dateCreated>2024-08-26 05:56:53.0</dateCreated>
        <lastUpdated>2024-08-26 05:56:53.0</lastUpdated>
        <code>delete</code>
        <label><![CDATA[T'as fait quoi ?]]></label>
        <field><![CDATA[null]]></field>
        <beforeValue><![CDATA[]]></beforeValue>
        <afterValue><![CDATA[]]></afterValue>
        <afterLabel><![CDATA[]]></afterLabel>
        <parentRef>1053</parentRef>
        <parentType>project</parentType>
      </activity>
    </activities>
    <simpleProjectApps>
      <simpleProjectApp>
        <appDefinitionId>storyWorkflow</appDefinitionId>
        <enabled>true</enabled>
      </simpleProjectApp>
    </simpleProjectApps>
    <timeBoxNotesTemplates>
      <timeBoxNotesTemplate>459
        <name><![CDATA[HTML Release Note Template]]></name>
        <header><![CDATA[<h1> My HTML release Note </h1>]]></header>
        <footer><![CDATA[]]></footer>
        <configsData><![CDATA[[{"header":"<h2>New Features<\u002fh2><ul>","footer":"<\u002ful>","storyType":0,"lineTemplate":"<li><a href=\"${baseUrl}-${story.id}\">${story.name}<\u002fa><\u002fli>"},{"header":"<h2>Bug Fixes<\u002fh2><ul>","footer":"<\u002ful>","storyType":2,"lineTemplate":"<li><a href=\"${baseUrl}-${story.id}\">${story.name}<\u002fa><\u002fli>"}]]]></configsData>
      </timeBoxNotesTemplate>
      <timeBoxNotesTemplate>460
        <name><![CDATA[Markdown Release Note Template]]></name>
        <header><![CDATA[# My Markdown release Note]]></header>
        <footer><![CDATA[]]></footer>
        <configsData><![CDATA[[{"header":"## New Features","footer":"","storyType":0,"lineTemplate":"* [${story.name}](${baseUrl}-${story.id})"},{"header":"## Bug Fixes","footer":"","storyType":2,"lineTemplate":"* [${story.name}](${baseUrl}-${story.id})"}]]]></configsData>
      </timeBoxNotesTemplate>
    </timeBoxNotesTemplates>
    <hooks />
    <backlogs />
    <builds />
    <btConfigs />
    <availabilityPreferences>
      <enable>false</enable>
      <displayLatitude>true</displayLatitude>
      <defaultAvailability>1.0</defaultAvailability>
      <highLr>40</highLr>
      <mediumLr>30</mediumLr>
      <lowLr>20</lowLr>
    </availabilityPreferences>
    <templates>
      <template>
        <name><![CDATA[Bug]]></name>
        <itemClass>org.icescrum.core.domain.Story</itemClass>
        <serializedData><![CDATA[{"tags":[],"type":2}]]></serializedData>
      </template>
    </templates>
    <storyWorkflowStates>
      <storyWorkflowState id='1825'>
        <code>-1</code>
        <enabled>false</enabled>
        <name><![CDATA[]]></name>
      </storyWorkflowState>
      <storyWorkflowState id='1826'>
        <code>1</code>
        <enabled>true</enabled>
        <name><![CDATA[]]></name>
      </storyWorkflowState>
      <storyWorkflowState id='1827'>
        <code>2</code>
        <enabled>true</enabled>
        <name><![CDATA[]]></name>
      </storyWorkflowState>
      <storyWorkflowState id='1828'>
        <code>3</code>
        <enabled>true</enabled>
        <name><![CDATA[]]></name>
      </storyWorkflowState>
      <storyWorkflowState id='1829'>
        <code>4</code>
        <enabled>true</enabled>
        <name><![CDATA[]]></name>
      </storyWorkflowState>
      <storyWorkflowState id='1830'>
        <code>5</code>
        <enabled>true</enabled>
        <name><![CDATA[]]></name>
      </storyWorkflowState>
      <storyWorkflowState id='1831'>
        <code>6</code>
        <enabled>true</enabled>
        <name><![CDATA[]]></name>
      </storyWorkflowState>
      <storyWorkflowState id='1832'>
        <code>7</code>
        <enabled>true</enabled>
        <name><![CDATA[]]></name>
      </storyWorkflowState>
    </storyWorkflowStates>
    <messagingPreferences>
      <url_slack />
      <url_mattermost />
      <url_discord />
    </messagingPreferences>
    <shareLinks />
    <roadmaps>
      <roadmap>
        <name><![CDATA[is.roadmap.ui.default.live]]></name>
        <code>live</code>
        <type>1</type>
        <events />
        <notes><![CDATA[]]></notes>
        <data><![CDATA[]]></data>
        <snapshotDate />
      </roadmap>
    </roadmaps>
    <featureMapConfig>
      <token><![CDATA[null]]></token>
      <uniqueId><![CDATA[null]]></uniqueId>
      <cleanName><![CDATA[null]]></cleanName>
      <ownerName><![CDATA[null]]></ownerName>
      <serverURL><![CDATA[null]]></serverURL>
    </featureMapConfig>
    <labelLists />
    <widgets />
  </project>
</export>